Workbook

Sheet Chart_Workload
A3: Row Labels | B3: Count of Patient_ID
A4: Biochemistry | B4: 30
A5: Hematology | B5: 15
A6: Microbiology | B6: 89
A7: Molecular | B7: 15
A8: Grand Total | B8: 149

Sheet Chart_TAT_Gap
A3: Row Labels | B3: Min_TAT | C3: Max_TAT
A4: Biochemistry | B4: 3 | C4: 48
A5: Hematology | B5: 3 | C5: 52
A6: Microbiology | B6: 2 | C6: 52
A7: Molecular | B7: 3 | C7: 43
A8: Grand Total | B8: 2 | C8: 52

Sheet Chart_Urgency_Share
A3: Count of Patient_ID | B3: Column Labels
A4: Row Labels | B4: Delayed | C4: On-Time | D4: Grand Total
A5: Routine | B5: 23 | C5: 52 | D5: 75
A6: Stat | B6: 15 | C6: 59 | D6: 74
A7: Grand Total | B7: 38 | C7: 111 | D7: 149

Sheet Chart_Sample_TAT
A3: Row Labels | B3: Average of Actual_TAT_Hours
A4: EDTA Blood | B4: 25.6
A5: Sputum | B5: 23.133333
A6: Serum | B6: 21.033333
A7: CSF Fluid | B7: 20.4
A8: Whole Blood | B8: 19.6
A9: Nasopharyngeal Swab | B9: 19.133333
A10: Stool | B10: 18.333333
A11: Pus Swab | B11: 17.785714
A12: Urine | B12: 17.533333
A13: Grand Total | B13: 20.375839

Sheet Lab_Diagnostics_TAT_Project
A1: Patient_ID | B1: Test_Name | C1: Department | D1: Urgency | E1: Sample_Type | F1: Actual_TAT_Hours | G1: Target_TAT | H1: Status | I1: Data_Quality_ID | J1: Data_Error_Check
A2: P-2026-01 | B2: Blood Culture and Sensitivity | C2: Microbiology | D2: Stat | E2: Whole Blood | F2: 36 | G2: =VLOOKUP(C2,Master_Targets!$A$2:$B$5,2,0) -> 48 | H2: =IF(F2>G2,"Delayed","On-Time") -> On-Time | I2: =IF(COUNTIF($A$2:$A$150,A2)>1,"Duplicate","Unique") -> Unique | J2: =IF(OR(F2<=0,F2>100),"Error:Check Data","Valid") -> Valid
A3: P-2026-02 | B3: Urine Culture | C3: Microbiology | D3: Routine | E3: Urine | F3: 48 | G3: =VLOOKUP(C3,Master_Targets!$A$2:$B$5,2,0) -> 48 | H3: =IF(F3>G3,"Delayed","On-Time") -> On-Time | I3: =IF(COUNTIF($A$2:$A$150,A3)>1,"Duplicate","Unique") -> Unique | J3: =IF(OR(F2<=0,F3>100),"Error:Check Data","Valid") -> Valid
A4: P-2026-03 | B4: CBC (Complete Blod Count) | C4: Hematology | D4: Routine | E4: EDTA Blood | F4: 4 | G4: =VLOOKUP(C4,Master_Targets!$A$2:$B$5,2,0) -> 4 | H4: =IF(F4>G4,"Delayed","On-Time") -> On-Time | I4: =IF(COUNTIF($A$2:$A$150,A4)>1,"Duplicate","Unique") -> Unique | J4: =IF(OR(F4<=0,F4>100),"Error:Check Data","Valid") -> Valid
A5: P-2026-04 | B5: Sputum For AFB | C5: Microbiology | D5: Routine | E5: Sputum | F5: 24 | G5: =VLOOKUP(C5,Master_Targets!$A$2:$B$5,2,0) -> 48 | H5: =IF(F5>G5,"Delayed","On-Time") -> On-Time | I5: =IF(COUNTIF($A$2:$A$150,A5)>1,"Duplicate","Unique") -> Unique | J5: =IF(OR(F5<=0,F5>100),"Error:Check Data","Valid") -> Valid
A6: P-2026-05 | B6: HBA1C | C6: Biochemistry | D6: Routine | E6: Serum | F6: 5 | G6: =VLOOKUP(C6,Master_Targets!$A$2:$B$5,2,0) -> 6 | H6: =IF(F6>G6,"Delayed","On-Time") -> On-Time | I6: =IF(COUNTIF($A$2:$A$150,A6)>1,"Duplicate","Unique") -> Unique | J6: =IF(OR(F5<=0,F6>100),"Error:Check Data","Valid") -> Valid
A7: P-2026-06 | B7: CSF Analysis | C7: Microbiology | D7: Stat | E7: CSF Fluid | F7: 8 | G7: =VLOOKUP(C7,Master_Targets!$A$2:$B$5,2,0) -> 48 | H7: =IF(F7>G7,"Delayed","On-Time") -> On-Time | I7: =IF(COUNTIF($A$2:$A$150,A7)>1,"Duplicate","Unique") -> Unique | J7: =IF(OR(F7<=0,F7>100),"Error:Check Data","Valid") -> Valid
A8: P-2026-07 | B8: RT-PCR (Respiratory Panel) | C8: Molecular | D8: Stat | E8: Nasopharyngeal Swab | F8: 12 | G8: =VLOOKUP(C8,Master_Targets!$A$2:$B$5,2,0) -> 12 | H8: =IF(F8>G8,"Delayed","On-Time") -> On-Time | I8: =IF(COUNTIF($A$2:$A$150,A8)>1,"Duplicate","Unique") -> Unique | J8: =IF(OR(F8<=0,F8>100),"Error:Check Data","Valid") -> Valid
A9: P-2026-08 | B9: Stool Culture | C9: Microbiology | D9: Routine | E9: Stool | F9: 52 | G9: =VLOOKUP(C9,Master_Targets!$A$2:$B$5,2,0) -> 48 | H9: =IF(F9>G9,"Delayed","On-Time") -> Delayed | I9: =IF(COUNTIF($A$2:$A$150,A9)>1,"Duplicate","Unique") -> Unique | J9: =IF(OR(F8<=0,F9>100),"Error:Check Data","Valid") -> Valid
A10: P-2026-09 | B10: Liver Function Test (LFT) | C10: Biochemistry | D10: Stat | E10: Serum | F10: 3 | G10: =VLOOKUP(C10,Master_Targets!$A$2:$B$5,2,0) -> 6 | H10: =IF(F10>G10,"Delayed","On-Time") -> On-Time | I10: =IF(COUNTIF($A$2:$A$150,A10)>1,"Duplicate","Unique") -> Unique | J10: =IF(OR(F10<=0,F10>100),"Error:Check Data","Valid") -> Valid
A11: P-2026-10 | B11: Wound Swab Gram Stain | C11: Microbiology | D11: Stat | E11: Pus Swab | F11: 2 | G11: =VLOOKUP(C11,Master_Targets!$A$2:$B$5,2,0) -> 48 | H11: =IF(F11>G11,"Delayed","On-Time") -> On-Time | I11: =IF(COUNTIF($A$2:$A$150,A11)>1,"Duplicate","Unique") -> Unique | J11: =IF(OR(F11<=0,F11>100),"Error:Check Data","Valid") -> Valid
A12: Patient_ID | B12: Blood Culture and Sensitivity | C12: Microbiology | D12: Stat | E12: Whole Blood | F12: 36 | G12: =VLOOKUP(C12,Master_Targets!$A$2:$B$5,2,0) -> 48 | H12: =IF(F12>G12,"Delayed","On-Time") -> On-Time | I12: =IF(COUNTIF($A$2:$A$150,A12)>1,"Duplicate","Unique") -> Duplicate | J12: =IF(OR(F11<=0,F12>100),"Error:Check Data","Valid") -> Valid
A13: P-2026-11 | B13: Urine Culture | C13: Microbiology | D13: Routine | E13: Urine | F13: 6 | G13: =VLOOKUP(C13,Master_Targets!$A$2:$B$5,2,0) -> 48 | H13: =IF(F13>G13,"Delayed","On-Time") -> On-Time | I13: =IF(COUNTIF($A$2:$A$150,A13)>1,"Duplicate","Unique") -> Unique | J13: =IF(OR(F13<=0,F13>100),"Error:Check Data","Valid") -> Valid
A14: P-2026-12 | B14: CBC (Complete Blod Count) | C14: Hematology | D14: Routine | E14: EDTA Blood | F14: 48 | G14: =VLOOKUP(C14,Master_Targets!$A$2:$B$5,2,0) -> 4 | H14: =IF(F14>G14,"Delayed","On-Time") -> Delayed | I14: =IF(COUNTIF($A$2:$A$150,A14)>1,"Duplicate","Unique") -> Unique | J14: =IF(OR(F14<=0,F14>100),"Error:Check Data","Valid") -> Valid
A15: P-2026-13 | B15: Sputum For AFB | C15: Microbiology | D15: Routine | E15: Sputum | F15: 52 | G15: =VLOOKUP(C15,Master_Targets!$A$2:$B$5,2,0) -> 48 | H15: =IF(F15>G15,"Delayed","On-Time") -> Delayed | I15: =IF(COUNTIF($A$2:$A$150,A15)>1,"Duplicate","Unique") -> Unique | J15: =IF(OR(F14<=0,F15>100),"Error:Check Data","Valid") -> Valid
A16: P-2026-14 | B16: HBA1C | C16: Biochemistry | D16: Routine | E16: Serum | F16: 9 | G16: =VLOOKUP(C16,Master_Targets!$A$2:$B$5,2,0) -> 6 | H16: =IF(F16>G16,"Delayed","On-Time") -> Delayed | I16: =IF(COUNTIF($A$2:$A$150,A16)>1,"Duplicate","Unique") -> Unique | J16: =IF(OR(F16<=0,F16>100),"Error:Check Data","Valid") -> Valid
A17: P-2026-15 | B17: CSF Analysis | C17: Microbiology | D17: Stat | E17: CSF Fluid | F17: 5 | G17: =VLOOKUP(C17,Master_Targets!$A$2:$B$5,2,0) -> 48 | H17: =IF(F17>G17,"Delayed","On-Time") -> On-Time | I17: =IF(COUNTIF($A$2:$A$150,A17)>1,"Duplicate","Unique") -> Unique | J17: =IF(OR(F17<=0,F17>100),"Error:Check Data","Valid") -> Valid
A18: P-2026-16 | B18: RT-PCR (Respiratory Panel) | C18: Molecular | D18: Stat | E18: Nasopharyngeal Swab | F18: 6 | G18: =VLOOKUP(C18,Master_Targets!$A$2:$B$5,2,0) -> 12 | H18: =IF(F18>G18,"Delayed","On-Time") -> On-Time | I18: =IF(COUNTIF($A$2:$A$150,A18)>1,"Duplicate","Unique") -> Unique | J18: =IF(OR(F17<=0,F18>100),"Error:Check Data","Valid") -> Valid
A19: P-2026-17 | B19: Stool Culture | C19: Microbiology | D19: Routine | E19: Stool | F19: 8 | G19: =VLOOKUP(C19,Master_Targets!$A$2:$B$5,2,0) -> 48 | H19: =IF(F19>G19,"Delayed","On-Time") -> On-Time | I19: =IF(COUNTIF($A$2:$A$150,A19)>1,"Duplicate","Unique") -> Unique | J19: =IF(OR(F19<=0,F19>100),"Error:Check Data","Valid") -> Valid
A20: P-2026-18 | B20: Liver Function Test (LFT) | C20: Biochemistry | D20: Stat | E20: Serum | F20: 47 | G20: =VLOOKUP(C20,Master_Targets!$A$2:$B$5,2,0) -> 6 | H20: =IF(F20>G20,"Delayed","On-Time") -> Delayed | I20: =IF(COUNTIF($A$2:$A$150,A20)>1,"Duplicate","Unique") -> Unique | J20: =IF(OR(F20<=0,F20>100),"Error:Check Data","Valid") -> Valid
A21: P-2026-19 | B21: Wound Swab Gram Stain | C21: Microbiology | D21: Stat | E21: Pus Swab | F21: 23 | G21: =VLOOKUP(C21,Master_Targets!$A$2:$B$5,2,0) -> 48 | H21: =IF(F21>G21,"Delayed","On-Time") -> On-Time | I21: =IF(COUNTIF($A$2:$A$150,A21)>1,"Duplicate","Unique") -> Unique | J21: =IF(OR(F20<=0,F21>100),"Error:Check Data","Valid") -> Valid
A22: P-2026-20 | B22: Blood Culture and Sensitivity | C22: Microbiology | D22: Stat | E22: Whole Blood | F22: 24 | G22: =VLOOKUP(C22,Master_Targets!$A$2:$B$5,2,0) -> 48 | H22: =IF(F22>G22,"Delayed","On-Time") -> On-Time | I22: =IF(COUNTIF($A$2:$A$150,A22)>1,"Duplicate","Unique") -> Unique | J22: =IF(OR(F22<=0,F22>100),"Error:Check Data","Valid") -> Valid
A23: Patient_ID | B23: Urine Culture | C23: Microbiology | D23: Routine | E23: Urine | F23: 12 | G23: =VLOOKUP(C23,Master_Targets!$A$2:$B$5,2,0) -> 48 | H23: =IF(F23>G23,"Delayed","On-Time") -> On-Time | I23: =IF(COUNTIF($A$2:$A$150,A23)>1,"Duplicate","Unique") -> Duplicate | J23: =IF(OR(F23<=0,F23>100),"Error:Check Data","Valid") -> Valid
A24: P-2026-21 | B24: CBC (Complete Blod Count) | C24: Hematology | D24: Routine | E24: EDTA Blood | F24: 52 | G24: =VLOOKUP(C24,Master_Targets!$A$2:$B$5,2,0) -> 4 | H24: =IF(F24>G24,"Delayed","On-Time") -> Delayed | I24: =IF(COUNTIF($A$2:$A$150,A24)>1,"Duplicate","Unique") -> Unique | J24: =IF(OR(F23<=0,F24>100),"Error:Check Data","Valid") -> Valid
A25: P-2026-22 | B25: Sputum For AFB | C25: Microbiology | D25: Routine | E25: Sputum | F25: 7 | G25: =VLOOKUP(C25,Master_Targets!$A$2:$B$5,2,0) -> 48 | H25: =IF(F25>G25,"Delayed","On-Time") -> On-Time | I25: =IF(COUNTIF($A$2:$A$150,A25)>1,"Duplicate","Unique") -> Unique | J25: =IF(OR(F25<=0,F25>100),"Error:Check Data","Valid") -> Valid
A26: P-2026-23 | B26: HBA1C | C26: Biochemistry | D26: Routine | E26: Serum | F26: 3 | G26: =VLOOKUP(C26,Master_Targets!$A$2:$B$5,2,0) -> 6 | H26: =IF(F26>G26,"Delayed","On-Time") -> On-Time | I26: =IF(COUNTIF($A$2:$A$150,A26)>1,"Duplicate","Unique") -> Unique | J26: =IF(OR(F26<=0,F26>100),"Error:Check Data","Valid") -> Valid
A27: P-2026-24 | B27: CSF Analysis | C27: Microbiology | D27: Stat | E27: CSF Fluid | F27: 2 | G27: =VLOOKUP(C27,Master_Targets!$A$2:$B$5,2,0) -> 48 | H27: =IF(F27>G27,"Delayed","On-Time") -> On-Time | I27: =IF(COUNTIF($A$2:$A$150,A27)>1,"Duplicate","Unique") -> Unique | J27: =IF(OR(F26<=0,F27>100),"Error:Check Data","Valid") -> Valid
A28: P-2026-25 | B28: RT-PCR (Respiratory Panel) | C28: Molecular | D28: Stat | E28: Nasopharyngeal Swab | F28: 32 | G28: =VLOOKUP(C28,Master_Targets!$A$2:$B$5,2,0) -> 12 | H28: =IF(F28>G28,"Delayed","On-Time") -> Delayed | I28: =IF(COUNTIF($A$2:$A$150,A28)>1,"Duplicate","Unique") -> Unique | J28: =IF(OR(F28<=0,F28>100),"Error:Check Data","Valid") -> Valid
A29: P-2026-26 | B29: Stool Culture | C29: Microbiology | D29: Routine | E29: Stool | F29: 4 | G29: =VLOOKUP(C29,Master_Targets!$A$2:$B$5,2,0) -> 48 | H29: =IF(F29>G29,"Delayed","On-Time") -> On-Time | I29: =IF(COUNTIF($A$2:$A$150,A29)>1,"Duplicate","Unique") -> Unique | J29: =IF(OR(F29<=0,F29>100),"Error:Check Data","Valid") -> Valid
A30: P-2026-27 | B30: Liver Function Test (LFT) | C30: Biochemistry | D30: Stat | E30: Serum | F30: 5 | G30: =VLOOKUP(C30,Master_Targets!$A$2:$B$5,2,0) -> 6 | H30: =IF(F30>G30,"Delayed","On-Time") -> On-Time | I30: =IF(COUNTIF($A$2:$A$150,A30)>1,"Duplicate","Unique") -> Unique | J30: =IF(OR(F29<=0,F30>100),"Error:Check Data","Valid") -> Valid
A31: P-2026-28 | B31: Wound Swab Gram Stain | C31: Microbiology | D31: Stat | E31: Pus Swab | F31: 6 | G31: =VLOOKUP(C31,Master_Targets!$A$2:$B$5,2,0) -> 48 | H31: =IF(F31>G31,"Delayed","On-Time") -> On-Time | I31: =IF(COUNTIF($A$2:$A$150,A31)>1,"Duplicate","Unique") -> Unique | J31: =IF(OR(F31<=0,F31>100),"Error:Check Data","Valid") -> Valid
A32: P-2026-29 | B32: Blood Culture and Sensitivity | C32: Microbiology | D32: Stat | E32: Whole Blood | F32: 7 | G32: =VLOOKUP(C32,Master_Targets!$A$2:$B$5,2,0) -> 48 | H32: =IF(F32>G32,"Delayed","On-Time") -> On-Time | I32: =IF(COUNTIF($A$2:$A$150,A32)>1,"Duplicate","Unique") -> Unique | J32: =IF(OR(F32<=0,F32>100),"Error:Check Data","Valid") -> Valid
A33: P-2026-30 | B33: Urine Culture | C33: Microbiology | D33: Routine | E33: Urine | F33: 38 | G33: =VLOOKUP(C33,Master_Targets!$A$2:$B$5,2,0) -> 48 | H33: =IF(F33>G33,"Delayed","On-Time") -> On-Time | I33: =IF(COUNTIF($A$2:$A$150,A33)>1,"Duplicate","Unique") -> Unique | J33: =IF(OR(F32<=0,F33>100),"Error:Check Data","Valid") -> Valid
A34: Patient_ID | B34: CBC (Complete Blod Count) | C34: Hematology | D34: Routine | E34: EDTA Blood | F34: 25 | G34: =VLOOKUP(C34,Master_Targets!$A$2:$B$5,2,0) -> 4 | H34: =IF(F34>G34,"Delayed","On-Time") -> Delayed | I34: =IF(COUNTIF($A$2:$A$150,A34)>1,"Duplicate","Unique") -> Duplicate | J34: =IF(OR(F34<=0,F34>100),"Error:Check Data","Valid") -> Valid
A35: P-2026-31 | B35: Sputum For AFB | C35: Microbiology | D35: Routine | E35: Sputum | F35: 24 | G35: =VLOOKUP(C35,Master_Targets!$A$2:$B$5,2,0) -> 48 | H35: =IF(F35>G35,"Delayed","On-Time") -> On-Time | I35: =IF(COUNTIF($A$2:$A$150,A35)>1,"Duplicate","Unique") -> Unique | J35: =IF(OR(F35<=0,F35>100),"Error:Check Data","Valid") -> Valid
A36: P-2026-32 | B36: HBA1C | C36: Biochemistry | D36: Routine | E36: Serum | F36: 8 | G36: =VLOOKUP(C36,Master_Targets!$A$2:$B$5,2,0) -> 6 | H36: =IF(F36>G36,"Delayed","On-Time") -> Delayed | I36: =IF(COUNTIF($A$2:$A$150,A36)>1,"Duplicate","Unique") -> Unique | J36: =IF(OR(F35<=0,F36>100),"Error:Check Data","Valid") -> Valid
A37: P-2026-33 | B37: CSF Analysis | C37: Microbiology | D37: Stat | E37: CSF Fluid | F37: 6 | G37: =VLOOKUP(C37,Master_Targets!$A$2:$B$5,2,0) -> 48 | H37: =IF(F37>G37,"Delayed","On-Time") -> On-Time | I37: =IF(COUNTIF($A$2:$A$150,A37)>1,"Duplicate","Unique") -> Unique | J37: =IF(OR(F37<=0,F37>100),"Error:Check Data","Valid") -> Valid
A38: P-2026-34 | B38: RT-PCR (Respiratory Panel) | C38: Molecular | D38: Stat | E38: Nasopharyngeal Swab | F38: 5 | G38: =VLOOKUP(C38,Master_Targets!$A$2:$B$5,2,0) -> 12 | H38: =IF(F38>G38,"Delayed","On-Time") -> On-Time | I38: =IF(COUNTIF($A$2:$A$150,A38)>1,"Duplicate","Unique") -> Unique | J38: =IF(OR(F38<=0,F38>100),"Error:Check Data","Valid") -> Valid
A39: P-2026-35 | B39: Stool Culture | C39: Microbiology | D39: Routine | E39: Stool | F39: 8 | G39: =VLOOKUP(C39,Master_Targets!$A$2:$B$5,2,0) -> 48 | H39: =IF(F39>G39,"Delayed","On-Time") -> On-Time | I39: =IF(COUNTIF($A$2:$A$150,A39)>1,"Duplicate","Unique") -> Unique | J39: =IF(OR(F38<=0,F39>100),"Error:Check Data","Valid") -> Valid
A40: P-2026-36 | B40: Liver Function Test (LFT) | C40: Biochemistry | D40: Stat | E40: Serum | F40: 48 | G40: =VLOOKUP(C40,Master_Targets!$A$2:$B$5,2,0) -> 6 | H40: =IF(F40>G40,"Delayed","On-Time") -> Delayed | I40: =IF(COUNTIF($A$2:$A$150,A40)>1,"Duplicate","Unique") -> Unique | J40: =IF(OR(F40<=0,F40>100),"Error:Check Data","Valid") -> Valid
A41: P-2026-37 | B41: Wound Swab Gram Stain | C41: Microbiology | D41: Stat | E41: Pus Swab | F41: 43 | G41: =VLOOKUP(C41,Master_Targets!$A$2:$B$5,2,0) -> 48 | H41: =IF(F41>G41,"Delayed","On-Time") -> On-Time | I41: =IF(COUNTIF($A$2:$A$150,A41)>1,"Duplicate","Unique") -> Unique | J41: =IF(OR(F41<=0,F41>100),"Error:Check Data","Valid") -> Valid
A42: P-2026-38 | B42: Blood Culture and Sensitivity | C42: Microbiology | D42: Stat | E42: Whole Blood | F42: 5 | G42: =VLOOKUP(C42,Master_Targets!$A$2:$B$5,2,0) -> 48 | H42: =IF(F42>G42,"Delayed","On-Time") -> On-Time | I42: =IF(COUNTIF($A$2:$A$150,A42)>1,"Duplicate","Unique") -> Unique | J42: =IF(OR(F41<=0,F42>100),"Error:Check Data","Valid") -> Valid
A43: P-2026-39 | B43: Urine Culture | C43: Microbiology | D43: Routine | E43: Urine | F43: 6 | G43: =VLOOKUP(C43,Master_Targets!$A$2:$B$5,2,0) -> 48 | H43: =IF(F43>G43,"Delayed","On-Time") -> On-Time | I43: =IF(COUNTIF($A$2:$A$150,A43)>1,"Duplicate","Unique") -> Unique | J43: =IF(OR(F43<=0,F43>100),"Error:Check Data","Valid") -> Valid
A44: P-2026-40 | B44: CBC (Complete Blod Count) | C44: Hematology | D44: Routine | E44: EDTA Blood | F44: 7 | G44: =VLOOKUP(C44,Master_Targets!$A$2:$B$5,2,0) -> 4 | H44: =IF(F44>G44,"Delayed","On-Time") -> Delayed | I44: =IF(COUNTIF($A$2:$A$150,A44)>1,"Duplicate","Unique") -> Unique | J44: =IF(OR(F44<=0,F44>100),"Error:Check Data","Valid") -> Valid
A45: Patient_ID | B45: Sputum For AFB | C45: Microbiology | D45: Routine | E45: Sputum | F45: 4 | G45: =VLOOKUP(C45,Master_Targets!$A$2:$B$5,2,0) -> 48 | H45: =IF(F45>G45,"Delayed","On-Time") -> On-Time | I45: =IF(COUNTIF($A$2:$A$150,A45)>1,"Duplicate","Unique") -> Duplicate | J45: =IF(OR(F44<=0,F45>100),"Error:Check Data","Valid") -> Valid
A46: P-2026-41 | B46: HBA1C | C46: Biochemistry | D46: Routine | E46: Serum | F46: 3 | G46: =VLOOKUP(C46,Master_Targets!$A$2:$B$5,2,0) -> 6 | H46: =IF(F46>G46,"Delayed","On-Time") -> On-Time | I46: =IF(COUNTIF($A$2:$A$150,A46)>1,"Duplicate","Unique") -> Unique | J46: =IF(OR(F46<=0,F46>100),"Error:Check Data","Valid") -> Valid
A47: P-2026-42 | B47: CSF Analysis | C47: Microbiology | D47: Stat | E47: CSF Fluid | F47: 2 | G47: =VLOOKUP(C47,Master_Targets!$A$2:$B$5,2,0) -> 48 | H47: =IF(F47>G47,"Delayed","On-Time") -> On-Time | I47: =IF(COUNTIF($A$2:$A$150,A47)>1,"Duplicate","Unique") -> Unique | J47: =IF(OR(F47<=0,F47>100),"Error:Check Data","Valid") -> Valid
A48: P-2026-43 | B48: RT-PCR (Respiratory Panel) | C48: Molecular | D48: Stat | E48: Nasopharyngeal Swab | F48: 7 | G48: =VLOOKUP(C48,Master_Targets!$A$2:$B$5,2,0) -> 12 | H48: =IF(F48>G48,"Delayed","On-Time") -> On-Time | I48: =IF(COUNTIF($A$2:$A$150,A48)>1,"Duplicate","Unique") -> Unique | J48: =IF(OR(F47<=0,F48>100),"Error:Check Data","Valid") -> Valid
A49: P-2026-44 | B49: Stool Culture | C49: Microbiology | D49: Routine | E49: Stool | F49: 8 | G49: =VLOOKUP(C49,Master_Targets!$A$2:$B$5,2,0) -> 48 | H49: =IF(F49>G49,"Delayed","On-Time") -> On-Time | I49: =IF(COUNTIF($A$2:$A$150,A49)>1,"Duplicate","Unique") -> Unique | J49: =IF(OR(F49<=0,F49>100),"Error:Check Data","Valid") -> Valid
A50: P-2026-45 | B50: Liver Function Test (LFT) | C50: Biochemistry | D50: Stat | E50: Serum | F50: 36 | G50: =VLOOKUP(C50,Master_Targets!$A$2:$B$5,2,0) -> 6 | H50: =IF(F50>G50,"Delayed","On-Time") -> Delayed | I50: =IF(COUNTIF($A$2:$A$150,A50)>1,"Duplicate","Unique") -> Unique | J50: =IF(OR(F50<=0,F50>100),"Error:Check Data","Valid") -> Valid
A51: P-2026-46 | B51: Wound Swab Gram Stain | C51: Microbiology | D51: Stat | E51: Pus Swab | F51: 42 | G51: =VLOOKUP(C51,Master_Targets!$A$2:$B$5,2,0) -> 48 | H51: =IF(F51>G51,"Delayed","On-Time") -> On-Time | I51: =IF(COUNTIF($A$2:$A$150,A51)>1,"Duplicate","Unique") -> Unique | J51: =IF(OR(F50<=0,F51>100),"Error:Check Data","Valid") -> Valid
A52: P-2026-47 | B52: Blood Culture and Sensitivity | C52: Microbiology | D52: Stat | E52: Whole Blood | F52: 39 | G52: =VLOOKUP(C52,Master_Targets!$A$2:$B$5,2,0) -> 48 | H52: =IF(F52>G52,"Delayed","On-Time") -> On-Time | I52: =IF(COUNTIF($A$2:$A$150,A52)>1,"Duplicate","Unique") -> Unique | J52: =IF(OR(F52<=0,F52>100),"Error:Check Data","Valid") -> Valid
A53: P-2026-48 | B53: Urine Culture | C53: Microbiology | D53: Routine | E53: Urine | F53: 4 | G53: =VLOOKUP(C53,Master_Targets!$A$2:$B$5,2,0) -> 48 | H53: =IF(F53>G53,"Delayed","On-Time") -> On-Time | I53: =IF(COUNTIF($A$2:$A$150,A53)>1,"Duplicate","Unique") -> Unique | J53: =IF(OR(F53<=0,F53>100),"Error:Check Data","Valid") -> Valid
A54: P-2026-49 | B54: CBC (Complete Blod Count) | C54: Hematology | D54: Routine | E54: EDTA Blood | F54: 3 | G54: =VLOOKUP(C54,Master_Targets!$A$2:$B$5,2,0) -> 4 | H54: =IF(F54>G54,"Delayed","On-Time") -> On-Time | I54: =IF(COUNTIF($A$2:$A$150,A54)>1,"Duplicate","Unique") -> Unique | J54: =IF(OR(F53<=0,F54>100),"Error:Check Data","Valid") -> Valid
A55: P-2026-50 | B55: Sputum For AFB | C55: Microbiology | D55: Routine | E55: Sputum | F55: 7 | G55: =VLOOKUP(C55,Master_Targets!$A$2:$B$5,2,0) -> 48 | H55: =IF(F55>G55,"Delayed","On-Time") -> On-Time | I55: =IF(COUNTIF($A$2:$A$150,A55)>1,"Duplicate","Unique") -> Unique | J55: =IF(OR(F55<=0,F55>100),"Error:Check Data","Valid") -> Valid
A56: Patient_ID | B56: HBA1C | C56: Biochemistry | D56: Routine | E56: Serum | F56: 6 | G56: =VLOOKUP(C56,Master_Targets!$A$2:$B$5,2,0) -> 6 | H56: =IF(F56>G56,"Delayed","On-Time") -> On-Time | I56: =IF(COUNTIF($A$2:$A$150,A56)>1,"Duplicate","Unique") -> Duplicate | J56: =IF(OR(F56<=0,F56>100),"Error:Check Data","Valid") -> Valid
A57: P-2026-51 | B57: CSF Analysis | C57: Microbiology | D57: Stat | E57: CSF Fluid | F57: 5 | G57: =VLOOKUP(C57,Master_Targets!$A$2:$B$5,2,0) -> 48 | H57: =IF(F57>G57,"Delayed","On-Time") -> On-Time | I57: =IF(COUNTIF($A$2:$A$150,A57)>1,"Duplicate","Unique") -> Unique | J57: =IF(OR(F56<=0,F57>100),"Error:Check Data","Valid") -> Valid
A58: P-2026-52 | B58: RT-PCR (Respiratory Panel) | C58: Molecular | D58: Stat | E58: Nasopharyngeal Swab | F58: 8 | G58: =VLOOKUP(C58,Master_Targets!$A$2:$B$5,2,0) -> 12 | H58: =IF(F58>G58,"Delayed","On-Time") -> On-Time | I58: =IF(COUNTIF($A$2:$A$150,A58)>1,"Duplicate","Unique") -> Unique | J58: =IF(OR(F58<=0,F58>100),"Error:Check Data","Valid") -> Valid
A59: P-2026-53 | B59: Stool Culture | C59: Microbiology | D59: Routine | E59: Stool | F59: 5 | G59: =VLOOKUP(C59,Master_Targets!$A$2:$B$5,2,0) -> 48 | H59: =IF(F59>G59,"Delayed","On-Time") -> On-Time | I59: =IF(COUNTIF($A$2:$A$150,A59)>1,"Duplicate","Unique") -> Unique | J59: =IF(OR(F59<=0,F59>100),"Error:Check Data","Valid") -> Valid
A60: P-2026-54 | B60: Liver Function Test (LFT) | C60: Biochemistry | D60: Stat | E60: Serum | F60: 4 | G60: =VLOOKUP(C60,Master_Targets!$A$2:$B$5,2,0) -> 6 | H60: =IF(F60>G60,"Delayed","On-Time") -> On-Time | I60: =IF(COUNTIF($A$2:$A$150,A60)>1,"Duplicate","Unique") -> Unique | J60: =IF(OR(F59<=0,F60>100),"Error:Check Data","Valid") -> Valid
A61: P-2026-55 | B61: Wound Swab Gram Stain | C61: Microbiology | D61: Stat | E61: Pus Swab | F61: 3 | G61: =VLOOKUP(C61,Master_Targets!$A$2:$B$5,2,0) -> 48 | H61: =IF(F61>G61,"Delayed","On-Time") -> On-Time | I61: =IF(COUNTIF($A$2:$A$150,A61)>1,"Duplicate","Unique") -> Unique | J61: =IF(OR(F61<=0,F61>100),"Error:Check Data","Valid") -> Valid
A62: P-2026-56 | B62: Blood Culture and Sensitivity | C62: Microbiology | D62: Stat | E62: Whole Blood | F62: 5 | G62: =VLOOKUP(C62,Master_Targets!$A$2:$B$5,2,0) -> 48 | H62: =IF(F62>G62,"Delayed","On-Time") -> On-Time | I62: =IF(COUNTIF($A$2:$A$150,A62)>1,"Duplicate","Unique") -> Unique | J62: =IF(OR(F62<=0,F62>100),"Error:Check Data","Valid") -> Valid
A63: P-2026-57 | B63: Urine Culture | C63: Microbiology | D63: Routine | E63: Urine | F63: 6 | G63: =VLOOKUP(C63,Master_Targets!$A$2:$B$5,2,0) -> 48 | H63: =IF(F63>G63,"Delayed","On-Time") -> On-Time | I63: =IF(COUNTIF($A$2:$A$150,A63)>1,"Duplicate","Unique") -> Unique | J63: =IF(OR(F62<=0,F63>100),"Error:Check Data","Valid") -> Valid
A64: P-2026-58 | B64: CBC (Complete Blod Count) | C64: Hematology | D64: Routine | E64: EDTA Blood | F64: 46 | G64: =VLOOKUP(C64,Master_Targets!$A$2:$B$5,2,0) -> 4 | H64: =IF(F64>G64,"Delayed","On-Time") -> Delayed | I64: =IF(COUNTIF($A$2:$A$150,A64)>1,"Duplicate","Unique") -> Unique | J64: =IF(OR(F64<=0,F64>100),"Error:Check Data","Valid") -> Valid
A65: P-2026-59 | B65: Sputum For AFB | C65: Microbiology | D65: Routine | E65: Sputum | F65: 37 | G65: =VLOOKUP(C65,Master_Targets!$A$2:$B$5,2,0) -> 48 | H65: =IF(F65>G65,"Delayed","On-Time") -> On-Time | I65: =IF(COUNTIF($A$2:$A$150,A65)>1,"Duplicate","Unique") -> Unique | J65: =IF(OR(F65<=0,F65>100),"Error:Check Data","Valid") -> Valid
A66: P-2026-60 | B66: HBA1C | C66: Biochemistry | D66: Routine | E66: Serum | F66: 46 | G66: =VLOOKUP(C66,Master_Targets!$A$2:$B$5,2,0) -> 6 | H66: =IF(F66>G66,"Delayed","On-Time") -> Delayed | I66: =IF(COUNTIF($A$2:$A$150,A66)>1,"Duplicate","Unique") -> Unique | J66: =IF(OR(F65<=0,F66>100),"Error:Check Data","Valid") -> Valid
A67: Patient_ID | B67: CSF Analysis | C67: Microbiology | D67: Stat | E67: CSF Fluid | F67: 42 | G67: =VLOOKUP(C67,Master_Targets!$A$2:$B$5,2,0) -> 48 | H67: =IF(F67>G67,"Delayed","On-Time") -> On-Time | I67: =IF(COUNTIF($A$2:$A$150,A67)>1,"Duplicate","Unique") -> Duplicate | J67: =IF(OR(F67<=0,F67>100),"Error:Check Data","Valid") -> Valid
A68: P-2026-61 | B68: RT-PCR (Respiratory Panel) | C68: Molecular | D68: Stat | E68: Nasopharyngeal Swab | F68: 26 | G68: =VLOOKUP(C68,Master_Targets!$A$2:$B$5,2,0) -> 12 | H68: =IF(F68>G68,"Delayed","On-Time") -> Delayed | I68: =IF(COUNTIF($A$2:$A$150,A68)>1,"Duplicate","Unique") -> Unique | J68: =IF(OR(F68<=0,F68>100),"Error:Check Data","Valid") -> Valid
A69: P-2026-62 | B69: Stool Culture | C69: Microbiology | D69: Routine | E69: Stool | F69: 27 | G69: =VLOOKUP(C69,Master_Targets!$A$2:$B$5,2,0) -> 48 | H69: =IF(F69>G69,"Delayed","On-Time") -> On-Time | I69: =IF(COUNTIF($A$2:$A$150,A69)>1,"Duplicate","Unique") -> Unique | J69: =IF(OR(F68<=0,F69>100),"Error:Check Data","Valid") -> Valid
A70: P-2026-63 | B70: Liver Function Test (LFT) | C70: Biochemistry | D70: Stat | E70: Serum | F70: 28 | G70: =VLOOKUP(C70,Master_Targets!$A$2:$B$5,2,0) -> 6 | H70: =IF(F70>G70,"Delayed","On-Time") -> Delayed | I70: =IF(COUNTIF($A$2:$A$150,A70)>1,"Duplicate","Unique") -> Unique | J70: =IF(OR(F70<=0,F70>100),"Error:Check Data","Valid") -> Valid
A71: P-2026-64 | B71: Wound Swab Gram Stain | C71: Microbiology | D71: Stat | E71: Pus Swab | F71: 29 | G71: =VLOOKUP(C71,Master_Targets!$A$2:$B$5,2,0) -> 48 | H71: =IF(F71>G71,"Delayed","On-Time") -> On-Time | I71: =IF(COUNTIF($A$2:$A$150,A71)>1,"Duplicate","Unique") -> Unique | J71: =IF(OR(F71<=0,F71>100),"Error:Check Data","Valid") -> Valid
A72: P-2026-65 | B72: Blood Culture and Sensitivity | C72: Microbiology | D72: Stat | E72: Whole Blood | F72: 27 | G72: =VLOOKUP(C72,Master_Targets!$A$2:$B$5,2,0) -> 48 | H72: =IF(F72>G72,"Delayed","On-Time") -> On-Time | I72: =IF(COUNTIF($A$2:$A$150,A72)>1,"Duplicate","Unique") -> Unique | J72: =IF(OR(F71<=0,F72>100),"Error:Check Data","Valid") -> Valid
A73: P-2026-66 | B73: Urine Culture | C73: Microbiology | D73: Routine | E73: Urine | F73: 35 | G73: =VLOOKUP(C73,Master_Targets!$A$2:$B$5,2,0) -> 48 | H73: =IF(F73>G73,"Delayed","On-Time") -> On-Time | I73: =IF(COUNTIF($A$2:$A$150,A73)>1,"Duplicate","Unique") -> Unique | J73: =IF(OR(F73<=0,F73>100),"Error:Check Data","Valid") -> Valid
A74: P-2026-67 | B74: CBC (Complete Blod Count) | C74: Hematology | D74: Routine | E74: EDTA Blood | F74: 37 | G74: =VLOOKUP(C74,Master_Targets!$A$2:$B$5,2,0) -> 4 | H74: =IF(F74>G74,"Delayed","On-Time") -> Delayed | I74: =IF(COUNTIF($A$2:$A$150,A74)>1,"Duplicate","Unique") -> Unique | J74: =IF(OR(F74<=0,F74>100),"Error:Check Data","Valid") -> Valid
A75: P-2026-68 | B75: Sputum For AFB | C75: Microbiology | D75: Routine | E75: Sputum | F75: 46 | G75: =VLOOKUP(C75,Master_Targets!$A$2:$B$5,2,0) -> 48 | H75: =IF(F75>G75,"Delayed","On-Time") -> On-Time | I75: =IF(COUNTIF($A$2:$A$150,A75)>1,"Duplicate","Unique") -> Unique | J75: =IF(OR(F74<=0,F75>100),"Error:Check Data","Valid") -> Valid
A76: P-2026-69 | B76: HBA1C | C76: Biochemistry | D76: Routine | E76: Serum | F76: 44 | G76: =VLOOKUP(C76,Master_Targets!$A$2:$B$5,2,0) -> 6 | H76: =IF(F76>G76,"Delayed","On-Time") -> Delayed | I76: =IF(COUNTIF($A$2:$A$150,A76)>1,"Duplicate","Unique") -> Unique | J76: =IF(OR(F76<=0,F76>100),"Error:Check Data","Valid") -> Valid
A77: P-2026-70 | B77: CSF Analysis | C77: Microbiology | D77: Stat | E77: CSF Fluid | F77: 42 | G77: =VLOOKUP(C77,Master_Targets!$A$2:$B$5,2,0) -> 48 | H77: =IF(F77>G77,"Delayed","On-Time") -> On-Time | I77: =IF(COUNTIF($A$2:$A$150,A77)>1,"Duplicate","Unique") -> Unique | J77: =IF(OR(F77<=0,F77>100),"Error:Check Data","Valid") -> Valid
A78: Patient_ID | B78: RT-PCR (Respiratory Panel) | C78: Molecular | D78: Stat | E78: Nasopharyngeal Swab | F78: 25 | G78: =VLOOKUP(C78,Master_Targets!$A$2:$B$5,2,0) -> 12 | H78: =IF(F78>G78,"Delayed","On-Time") -> Delayed | I78: =IF(COUNTIF($A$2:$A$150,A78)>1,"Duplicate","Unique") -> Duplicate | J78: =IF(OR(F77<=0,F78>100),"Error:Check Data","Valid") -> Valid
A79: P-2026-71 | B79: Stool Culture | C79: Microbiology | D79: Routine | E79: Stool | F79: 35 | G79: =VLOOKUP(C79,Master_Targets!$A$2:$B$5,2,0) -> 48 | H79: =IF(F79>G79,"Delayed","On-Time") -> On-Time | I79: =IF(COUNTIF($A$2:$A$150,A79)>1,"Duplicate","Unique") -> Unique | J79: =IF(OR(F79<=0,F79>100),"Error:Check Data","Valid") -> Valid
A80: P-2026-72 | B80: Liver Function Test (LFT) | C80: Biochemistry | D80: Stat | E80: Serum | F80: 47 | G80: =VLOOKUP(C80,Master_Targets!$A$2:$B$5,2,0) -> 6 | H80: =IF(F80>G80,"Delayed","On-Time") -> Delayed | I80: =IF(COUNTIF($A$2:$A$150,A80)>1,"Duplicate","Unique") -> Unique | J80: =IF(OR(F80<=0,F80>100),"Error:Check Data","Valid") -> Valid
A81: P-2026-73 | B81: Wound Swab Gram Stain | C81: Microbiology | D81: Stat | E81: Pus Swab | F81: 8 | G81: =VLOOKUP(C81,Master_Targets!$A$2:$B$5,2,0) -> 48 | H81: =IF(F81>G81,"Delayed","On-Time") -> On-Time | I81: =IF(COUNTIF($A$2:$A$150,A81)>1,"Duplicate","Unique") -> Unique | J81: =IF(OR(F80<=0,F81>100),"Error:Check Data","Valid") -> Valid
A82: P-2026-74 | B82: Blood Culture and Sensitivity | C82: Microbiology | D82: Stat | E82: Whole Blood | F82: 9 | G82: =VLOOKUP(C82,Master_Targets!$A$2:$B$5,2,0) -> 48 | H82: =IF(F82>G82,"Delayed","On-Time") -> On-Time | I82: =IF(COUNTIF($A$2:$A$150,A82)>1,"Duplicate","Unique") -> Unique | J82: =IF(OR(F82<=0,F82>100),"Error:Check Data","Valid") -> Valid
A83: P-2026-75 | B83: Urine Culture | C83: Microbiology | D83: Routine | E83: Urine | F83: 7 | G83: =VLOOKUP(C83,Master_Targets!$A$2:$B$5,2,0) -> 48 | H83: =IF(F83>G83,"Delayed","On-Time") -> On-Time | I83: =IF(COUNTIF($A$2:$A$150,A83)>1,"Duplicate","Unique") -> Unique | J83: =IF(OR(F83<=0,F83>100),"Error:Check Data","Valid") -> Valid
A84: P-2026-76 | B84: CBC (Complete Blod Count) | C84: Hematology | D84: Routine | E84: EDTA Blood | F84: 8 | G84: =VLOOKUP(C84,Master_Targets!$A$2:$B$5,2,0) -> 4 | H84: =IF(F84>G84,"Delayed","On-Time") -> Delayed | I84: =IF(COUNTIF($A$2:$A$150,A84)>1,"Duplicate","Unique") -> Unique | J84: =IF(OR(F83<=0,F84>100),"Error:Check Data","Valid") -> Valid
A85: P-2026-77 | B85: Sputum For AFB | C85: Microbiology | D85: Routine | E85: Sputum | F85: 6 | G85: =VLOOKUP(C85,Master_Targets!$A$2:$B$5,2,0) -> 48 | H85: =IF(F85>G85,"Delayed","On-Time") -> On-Time | I85: =IF(COUNTIF($A$2:$A$150,A85)>1,"Duplicate","Unique") -> Unique | J85: =IF(OR(F85<=0,F85>100),"Error:Check Data","Valid") -> Valid
A86: P-2026-78 | B86: HBA1C | C86: Biochemistry | D86: Routine | E86: Serum | F86: 5 | G86: =VLOOKUP(C86,Master_Targets!$A$2:$B$5,2,0) -> 6 | H86: =IF(F86>G86,"Delayed","On-Time") -> On-Time | I86: =IF(COUNTIF($A$2:$A$150,A86)>1,"Duplicate","Unique") -> Unique | J86: =IF(OR(F86<=0,F86>100),"Error:Check Data","Valid") -> Valid
A87: P-2026-79 | B87: CSF Analysis | C87: Microbiology | D87: Stat | E87: CSF Fluid | F87: 4 | G87: =VLOOKUP(C87,Master_Targets!$A$2:$B$5,2,0) -> 48 | H87: =IF(F87>G87,"Delayed","On-Time") -> On-Time | I87: =IF(COUNTIF($A$2:$A$150,A87)>1,"Duplicate","Unique") -> Unique | J87: =IF(OR(F86<=0,F87>100),"Error:Check Data","Valid") -> Valid
A88: P-2026-80 | B88: RT-PCR (Respiratory Panel) | C88: Molecular | D88: Stat | E88: Nasopharyngeal Swab | F88: 3 | G88: =VLOOKUP(C88,Master_Targets!$A$2:$B$5,2,0) -> 12 | H88: =IF(F88>G88,"Delayed","On-Time") -> On-Time | I88: =IF(COUNTIF($A$2:$A$150,A88)>1,"Duplicate","Unique") -> Unique | J88: =IF(OR(F88<=0,F88>100),"Error:Check Data","Valid") -> Valid
A89: Patient_ID | B89: Stool Culture | C89: Microbiology | D89: Routine | E89: Stool | F89: 2 | G89: =VLOOKUP(C89,Master_Targets!$A$2:$B$5,2,0) -> 48 | H89: =IF(F89>G89,"Delayed","On-Time") -> On-Time | I89: =IF(COUNTIF($A$2:$A$150,A89)>1,"Duplicate","Unique") -> Duplicate | J89: =IF(OR(F89<=0,F89>100),"Error:Check Data","Valid") -> Valid
A90: P-2026-81 | B90: Liver Function Test (LFT) | C90: Biochemistry | D90: Stat | E90: Serum | F90: 5 | G90: =VLOOKUP(C90,Master_Targets!$A$2:$B$5,2,0) -> 6 | H90: =IF(F90>G90,"Delayed","On-Time") -> On-Time | I90: =IF(COUNTIF($A$2:$A$150,A90)>1,"Duplicate","Unique") -> Unique | J90: =IF(OR(F89<=0,F90>100),"Error:Check Data","Valid") -> Valid
A91: P-2026-82 | B91: Wound Swab Gram Stain | C91: Microbiology | D91: Stat | E91: Pus Swab | F91: 6 | G91: =VLOOKUP(C91,Master_Targets!$A$2:$B$5,2,0) -> 48 | H91: =IF(F91>G91,"Delayed","On-Time") -> On-Time | I91: =IF(COUNTIF($A$2:$A$150,A91)>1,"Duplicate","Unique") -> Unique | J91: =IF(OR(F91<=0,F91>100),"Error:Check Data","Valid") -> Valid
A92: P-2026-83 | B92: Blood Culture and Sensitivity | C92: Microbiology | D92: Stat | E92: Whole Blood | F92: 7 | G92: =VLOOKUP(C92,Master_Targets!$A$2:$B$5,2,0) -> 48 | H92: =IF(F92>G92,"Delayed","On-Time") -> On-Time | I92: =IF(COUNTIF($A$2:$A$150,A92)>1,"Duplicate","Unique") -> Unique | J92: =IF(OR(F92<=0,F92>100),"Error:Check Data","Valid") -> Valid
A93: P-2026-84 | B93: Urine Culture | C93: Microbiology | D93: Routine | E93: Urine | F93: 8 | G93: =VLOOKUP(C93,Master_Targets!$A$2:$B$5,2,0) -> 48 | H93: =IF(F93>G93,"Delayed","On-Time") -> On-Time | I93: =IF(COUNTIF($A$2:$A$150,A93)>1,"Duplicate","Unique") -> Unique | J93: =IF(OR(F92<=0,F93>100),"Error:Check Data","Valid") -> Valid
A94: P-2026-85 | B94: CBC (Complete Blod Count) | C94: Hematology | D94: Routine | E94: EDTA Blood | F94: 47 | G94: =VLOOKUP(C94,Master_Targets!$A$2:$B$5,2,0) -> 4 | H94: =IF(F94>G94,"Delayed","On-Time") -> Delayed | I94: =IF(COUNTIF($A$2:$A$150,A94)>1,"Duplicate","Unique") -> Unique | J94: =IF(OR(F94<=0,F94>100),"Error:Check Data","Valid") -> Valid
A95: P-2026-86 | B95: Sputum For AFB | C95: Microbiology | D95: Routine | E95: Sputum | F95: 5 | G95: =VLOOKUP(C95,Master_Targets!$A$2:$B$5,2,0) -> 48 | H95: =IF(F95>G95,"Delayed","On-Time") -> On-Time | I95: =IF(COUNTIF($A$2:$A$150,A95)>1,"Duplicate","Unique") -> Unique | J95: =IF(OR(F95<=0,F95>100),"Error:Check Data","Valid") -> Valid
A96: P-2026-87 | B96: HBA1C | C96: Biochemistry | D96: Routine | E96: Serum | F96: 37 | G96: =VLOOKUP(C96,Master_Targets!$A$2:$B$5,2,0) -> 6 | H96: =IF(F96>G96,"Delayed","On-Time") -> Delayed | I96: =IF(COUNTIF($A$2:$A$150,A96)>1,"Duplicate","Unique") -> Unique | J96: =IF(OR(F95<=0,F96>100),"Error:Check Data","Valid") -> Valid
A97: P-2026-88 | B97: CSF Analysis | C97: Microbiology | D97: Stat | E97: CSF Fluid | F97: 36 | G97: =VLOOKUP(C97,Master_Targets!$A$2:$B$5,2,0) -> 48 | H97: =IF(F97>G97,"Delayed","On-Time") -> On-Time | I97: =IF(COUNTIF($A$2:$A$150,A97)>1,"Duplicate","Unique") -> Unique | J97: =IF(OR(F97<=0,F97>100),"Error:Check Data","Valid") -> Valid
A98: P-2026-89 | B98: RT-PCR (Respiratory Panel) | C98: Molecular | D98: Stat | E98: Nasopharyngeal Swab | F98: 37 | G98: =VLOOKUP(C98,Master_Targets!$A$2:$B$5,2,0) -> 12 | H98: =IF(F98>G98,"Delayed","On-Time") -> Delayed | I98: =IF(COUNTIF($A$2:$A$150,A98)>1,"Duplicate","Unique") -> Unique | J98: =IF(OR(F98<=0,F98>100),"Error:Check Data","Valid") -> Valid
A99: P-2026-90 | B99: Stool Culture | C99: Microbiology | D99: Routine | E99: Stool | F99: 35 | G99: =VLOOKUP(C99,Master_Targets!$A$2:$B$5,2,0) -> 48 | H99: =IF(F99>G99,"Delayed","On-Time") -> On-Time | I99: =IF(COUNTIF($A$2:$A$150,A99)>1,"Duplicate","Unique") -> Unique | J99: =IF(OR(F98<=0,F99>100),"Error:Check Data","Valid") -> Valid
A100: Patient_ID | B100: Liver Function Test (LFT) | C100: Biochemistry | D100: Stat | E100: Serum | F100: 43 | G100: =VLOOKUP(C100,Master_Targets!$A$2:$B$5,2,0) -> 6 | H100: =IF(F100>G100,"Delayed","On-Time") -> Delayed | I100: =IF(COUNTIF($A$2:$A$150,A100)>1,"Duplicate","Unique") -> Duplicate | J100: =IF(OR(F100<=0,F100>100),"Error:Check Data","Valid") -> Valid
...

Sheet Master_Targets
A1: Department | B1: Standard_Target_Hours
A2: Microbiology | B2: 48
A3: Hematology | B3: 4
A4: Biochemistry | B4: 6
A5: Molecular | B5: 12

Sheet Analysis_KPI
A1: Department | B1: Total_Actual_Hours | C1: Average_Actual_Hours | D1: Total_Test_Counts
A2: Microbiology | B2: =SUMIFS(Lab_Diagnostics_TAT_Project!$F$2:$F$150,Lab_Diagnostics_TAT_Project!$C$2:$C$150,A2) -> 1734 | C2: =AVERAGEIFS(Lab_Diagnostics_TAT_Project!$F$2:$F$150,Lab_Diagnostics_TAT_Project!$C$2:$C$150,A2) -> 19.483146 | D2: =COUNTIFS(Lab_Diagnostics_TAT_Project!$C$2:$C$150,A2) -> 89
A3: Hematology | B3: =SUMIFS(Lab_Diagnostics_TAT_Project!$F$2:$F$150,Lab_Diagnostics_TAT_Project!$C$2:$C$150,A3) -> 384 | C3: =AVERAGEIFS(Lab_Diagnostics_TAT_Project!$F$2:$F$150,Lab_Diagnostics_TAT_Project!$C$2:$C$150,A3) -> 25.6 | D3: =COUNTIFS(Lab_Diagnostics_TAT_Project!$C$2:$C$150,A3) -> 15
A4: Biochemistry | B4: =SUMIFS(Lab_Diagnostics_TAT_Project!$F$2:$F$150,Lab_Diagnostics_TAT_Project!$C$2:$C$150,A4) -> 631 | C4: =AVERAGEIFS(Lab_Diagnostics_TAT_Project!$F$2:$F$150,Lab_Diagnostics_TAT_Project!$C$2:$C$150,A4) -> 21.033333 | D4: =COUNTIFS(Lab_Diagnostics_TAT_Project!$C$2:$C$150,A4) -> 30
A5: Molecular | B5: =SUMIFS(Lab_Diagnostics_TAT_Project!$F$2:$F$150,Lab_Diagnostics_TAT_Project!$C$2:$C$150,A5) -> 287 | C5: =AVERAGEIFS(Lab_Diagnostics_TAT_Project!$F$2:$F$150,Lab_Diagnostics_TAT_Project!$C$2:$C$150,A5) -> 19.133333 | D5: =COUNTIFS(Lab_Diagnostics_TAT_Project!$C$2:$C$150,A5) -> 15

Sheet Pivot Analysis
A3: Row Labels | B3: Max of Actual_TAT_Hours | C3: Min of Actual_TAT_Hours2
A4: Biochemistry | B4: 48 | C4: 3
A5: Hematology | B5: 52 | C5: 3
A6: Microbiology | B6: 52 | C6: 2
A7: Molecular | B7: 43 | C7: 3
A8: (blank)
A9: Grand Total | B9: 52 | C9: 2
